patient,fold,class_name,n_seeds,dice,hd95,assd
Patient_01,0,aorta,3,0.9313753776573173,3.696473712188294,1.0746225053829828
Patient_01,0,esophagus,3,0.8217600954178749,6.817652216516701,1.471642114535229
Patient_01,0,heart,3,0.9510639345340601,8.031320193757463,1.6443739090222402
Patient_01,0,trachea,3,0.9206697214887695,8.746547691259588,1.240516721096281
Patient_02,0,aorta,3,0.93219451868783,9.291939911700627,1.383548303669538
Patient_02,0,esophagus,3,0.8004387024801848,6.029386756538897,1.396803341062875
Patient_02,0,heart,3,0.9451476511066526,6.666666666666667,3.454130391720518
Patient_02,0,trachea,3,0.9309381394598762,8.096221806560461,4.071833033630124
Patient_03,3,aorta,3,0.5711135817965921,27.441241440109863,5.888948530875385
Patient_03,3,esophagus,3,0.4566569486051577,22.51568211948378,4.723302704276518
Patient_03,3,heart,3,0.7977775724896444,19.166666666666668,5.225407054863304
Patient_03,3,trachea,3,0.7449111721177805,26.76440288623567,3.0016690279779894
Patient_04,2,aorta,3,0.9276776896911342,5.0,1.1437436961760383
Patient_04,2,esophagus,3,0.8141360749958854,16.686068337303603,2.093556684387187
Patient_04,2,heart,3,0.9551880762630526,5.0,1.6426073445326832
Patient_04,2,trachea,3,0.9405697161877784,4.341386953134653,0.6815076397229695
Patient_05,2,aorta,3,0.8456626460154552,24.666666666666668,3.5415540975237074
Patient_05,2,esophagus,3,0.6417909477805156,7.9617356109655955,2.5209008930259804
Patient_05,2,heart,3,0.8883692248287581,28.071895623769752,6.538977812179609
Patient_05,2,trachea,3,0.7547389035847076,22.611231152632264,3.579793121658302
Patient_06,1,aorta,3,0.920133172182817,13.703243447028811,1.9278811995837284
Patient_06,1,esophagus,3,0.7586747232845562,10.134014609472903,1.7177443748810546
Patient_06,1,heart,3,0.9056386942699476,14.166666666666666,3.6897423643989886
Patient_06,1,trachea,3,0.8882753684497274,15.228648032127424,3.1114149904925568
Patient_07,2,aorta,3,0.878738520897486,24.531452906640556,2.8257685270294424
Patient_07,2,esophagus,3,0.7783719829092351,8.468614148132222,1.7027615817397856
Patient_07,2,heart,3,0.898659631854578,29.037207290673,4.720008196258414
Patient_07,2,trachea,3,0.9006975065438555,7.433842157020969,1.417646480707167
Patient_08,1,aorta,3,0.8793359893160076,21.666666666666668,2.855072704466597
Patient_08,1,esophagus,3,0.6002488422728701,9.691857657663634,2.5222464735261796
Patient_08,1,heart,3,0.894117485543916,15.943770675605434,3.4226871377174874
Patient_08,1,trachea,3,0.8711928944881563,22.761085274018757,2.9090629149699705
Patient_09,2,aorta,3,0.8468996326843573,22.178988630581728,3.0289073211330853
Patient_09,2,esophagus,3,0.8172198226363978,5.24739408493042,1.1262188291050736
Patient_09,2,heart,3,0.9248019018455038,10.833333333333334,3.03982502057721
Patient_09,2,trachea,3,0.8957025307289117,43.730623168292986,3.5440166826615855
Patient_10,2,aorta,3,0.9133356114228763,14.168636415920961,1.6772001409616146
Patient_10,2,esophagus,3,0.853640000621973,8.0,1.380606326529081
Patient_10,2,heart,3,0.9230621828679726,14.028894945835372,3.3213997997169766
Patient_10,2,trachea,3,0.9080141086118353,7.8888668756161096,1.0807597210514246
Patient_11,1,aorta,3,0.9395836573360568,10.084950421378707,2.3403003652079573
Patient_11,1,esophagus,3,0.6346125050833009,12.051703815964876,2.906024688359745
Patient_11,1,heart,3,0.9354980898378884,6.515322906128713,2.4582227888533064
Patient_11,1,trachea,3,0.8928139174372015,8.395380439241432,1.9847953889048782
Patient_12,3,aorta,3,0.8582339744677527,16.732615316959325,3.239950479036323
Patient_12,3,esophagus,3,0.797858854345728,11.039560621800177,1.8625142495127587
Patient_12,3,heart,3,0.865025441988026,28.666666666666668,6.6621820901060165
Patient_12,3,trachea,3,0.916477939743133,19.30542140293928,1.800612737203822
Patient_13,0,aorta,3,0.9422179288748339,5.96875,1.3232194917293831
Patient_13,0,esophagus,3,0.7618018117117061,6.869363302015504,1.5409553647778642
Patient_13,0,heart,3,0.9313983039038076,8.869808905416777,2.5507402453727046
Patient_13,0,trachea,3,0.8928991367337618,7.638381305561009,1.6696867676676166
Patient_14,1,aorta,3,0.7786690361028217,19.166666666666668,3.3921804085801823
Patient_14,1,esophagus,3,0.5674784876243902,17.85916995795939,4.155931230863294
Patient_14,1,heart,3,0.8209998721363702,20.13040456452125,5.130202283526548
Patient_14,1,trachea,3,0.5433963514839198,74.89271748617044,8.746856582678705
Patient_15,1,aorta,3,0.7243375398143586,17.690570751927527,3.9922860237246907
Patient_15,1,esophagus,3,0.5292105887124265,31.759201083410684,5.965964636469837
Patient_15,1,heart,3,0.9426901877203501,25.560909679025254,3.5073903702471694
Patient_15,1,trachea,3,0.8437063620476128,14.213898486870253,2.7697506228757964
Patient_16,0,aorta,3,0.9245856423529649,55.84904454509825,5.726277430754939
Patient_16,0,esophagus,3,0.8303495828664197,11.754562519479922,1.7248460546503606
Patient_16,0,heart,3,0.9314650449773149,6.698158263305144,2.432487266776113
Patient_16,0,trachea,3,0.9043646321648143,58.23887371023314,2.318975631936857
Patient_17,3,aorta,3,0.8736915105252081,16.268424521719048,2.5017891729274044
Patient_17,3,esophagus,3,0.7770390140593055,14.050909912175685,1.765244278849889
Patient_17,3,heart,3,0.9337374941008881,12.301998279797353,2.667931435264639
Patient_17,3,trachea,3,0.8562175056172168,19.51931152242586,2.7992433002368475
Patient_18,1,aorta,3,0.899741238235408,10.874047836375789,1.7833720587665507
Patient_18,1,esophagus,3,0.748032101331846,8.925094015818729,2.1399978138021027
Patient_18,1,heart,3,0.9249020087266674,15.859708864191184,3.9433072211270868
Patient_18,1,trachea,3,0.9462101557667583,5.031491596638478,0.6761903452334086
Patient_19,2,aorta,3,0.9097367188409002,5.340348149394826,1.147626827706525
Patient_19,2,esophagus,3,0.74496802691519,9.016990118214359,1.769436999211126
Patient_19,2,heart,3,0.9344955883329721,6.666666666666667,2.3241369128035694
Patient_19,2,trachea,3,0.8650236165884619,15.318762024588148,1.6035153390056007
Patient_20,3,aorta,3,0.8675838894042951,7.476488784561416,1.8958221076041606
Patient_20,3,esophagus,3,0.4512654418641898,42.53879708272612,10.257120463108565
Patient_20,3,heart,3,0.8576124868970647,116.16290665882043,13.183597510198469
Patient_20,3,trachea,3,0.7740139496233268,38.607781980319835,5.075740255233834
Patient_21,0,aorta,3,0.9389638536997783,6.664600136489576,1.1923009452623337
Patient_21,0,esophagus,3,0.7406875936229089,5.409471351862739,1.3914513635302297
Patient_21,0,heart,3,0.9060290420295457,11.6289822154478,3.0847812633786877
Patient_21,0,trachea,3,0.9278111687842175,2.9687493642171225,0.6165393640588523
Patient_22,0,aorta,3,0.9182274018599371,17.491346256435502,2.2644362264652655
Patient_22,0,esophagus,3,0.7153955299916841,6.804663950165737,2.3925602942151487
Patient_22,0,heart,3,0.9144032280213102,12.5,3.7908674405356515
Patient_22,0,trachea,3,0.9082624304815404,13.756861262919776,1.3932755339496652
Patient_23,1,aorta,3,0.88554563134432,9.372285582821132,1.741699871641758
Patient_23,1,esophagus,3,0.6330744879607639,13.604562505399759,3.1569850408140088
Patient_23,1,heart,3,0.9404246908948715,30.323062443801483,4.466813481542789
Patient_23,1,trachea,3,0.8902913167022328,9.005984570910899,1.16783385286591
Patient_24,1,aorta,3,0.5494313975338584,33.90220373096656,7.827483189394395
Patient_24,1,esophagus,3,0.4488594424934959,21.449858393372995,5.596823229566409
Patient_24,1,heart,3,0.8903641342148901,21.595238490576612,4.661198260401994
Patient_24,1,trachea,3,0.8063844559454967,9.420209648683974,1.6097286487488023
Patient_25,3,aorta,3,0.9182703115573944,12.237912382399964,1.521450012514509
Patient_25,3,esophagus,3,0.6216831778000663,26.24911073824972,5.0579020075190595
Patient_25,3,heart,3,0.9499390600326562,5.985346496940982,1.794970050483927
Patient_25,3,trachea,3,0.8736071085326125,10.270747807878033,1.520146891296439
Patient_26,3,aorta,3,0.8995387578658104,15.912647234148947,2.264869824397553
Patient_26,3,esophagus,3,0.8713578711873721,3.760260366963382,0.9589806502861582
Patient_26,3,heart,3,0.865242318466312,12.681393956346934,5.150965867871186
Patient_26,3,trachea,3,0.8740151684660001,11.835524824480018,1.4071474102619757
Patient_27,3,aorta,3,0.9059061680779714,15.301722549638296,2.117418885759417
Patient_27,3,esophagus,3,0.7460862056268409,10.038009802944252,1.9414055131886696
Patient_27,3,heart,3,0.9411166571494889,32.92606344010575,3.1387998579683103
Patient_27,3,trachea,3,0.8839012841228447,6.666666666666667,1.3616022638528018
Patient_28,0,aorta,3,0.8677866774648203,22.07899763251598,3.2775008989028005
Patient_28,0,esophagus,3,0.6804131305853007,17.3688909051976,3.4175043901933715
Patient_28,0,heart,3,0.7606038112012921,34.166666666666664,10.482695822588907
Patient_28,0,trachea,3,0.8881504368520103,14.683511349451058,1.9197872746914635
Patient_29,2,aorta,3,0.901260820953573,11.080358033476616,2.155918822819245
Patient_29,2,esophagus,3,0.7842900354653313,9.395910072912846,1.6639412555998558
Patient_29,2,heart,3,0.9018445590896762,11.601379249100203,3.3563683572316463
Patient_29,2,trachea,3,0.8910753050883454,13.869423157546116,1.873353617583629
Patient_30,0,aorta,3,0.7542100590643931,47.38307828215898,5.330170126290213
Patient_30,0,esophagus,3,0.45258464030576157,33.42066987675608,5.595230977084139
Patient_30,0,heart,3,0.6654969626759905,137.11250365433267,39.608846965405306
Patient_30,0,trachea,3,0.831580030526493,12.360280207067433,2.206982660774185
Patient_31,3,aorta,3,0.950410060948259,5.508822790489092,1.0207196402809067
Patient_31,3,esophagus,3,0.8414605120004517,4.668882311172674,1.0816262925151319
Patient_31,3,heart,3,0.954305312600187,5.2731308512263295,1.596176884071968
Patient_31,3,trachea,3,0.916549484833804,13.094565526068642,1.5904432726076085
Patient_32,3,aorta,3,0.9222431591004131,57.905604695069286,3.085039574953635
Patient_32,3,esophagus,3,0.8361518715176202,7.581701235161093,1.4770956084036022
Patient_32,3,heart,3,0.9314922118353688,9.708501010227376,2.581159554153512
Patient_32,3,trachea,3,0.8677917036815876,10.0,1.4196541720079658
Patient_33,3,aorta,3,0.915894080727475,6.346298494342047,1.521040282716323
Patient_33,3,esophagus,3,0.7984675756178035,9.788647764313886,1.8454468764148138
Patient_33,3,heart,3,0.9294893279585335,9.140383760167975,2.7962461968653067
Patient_33,3,trachea,3,0.8613912761897705,8.706111368177439,1.4478146417628805
Patient_34,2,aorta,3,0.9107897112103495,20.903621681518587,2.3959722728455852
Patient_34,2,esophagus,3,0.5963860039291267,15.595587583271751,4.18623944918095
Patient_34,2,heart,3,0.8972196197865476,17.60470804869626,3.9313292760218186
Patient_34,2,trachea,3,0.8802315965142501,7.877685101377102,1.2583750027430665
Patient_35,0,aorta,3,0.9168604468656748,8.607663734684946,1.473562222220135
Patient_35,0,esophagus,3,0.7902627299741304,9.626469530699415,1.7579645292730972
Patient_35,0,heart,3,0.9200393909896784,10.0,2.974117438917224
Patient_35,0,trachea,3,0.9259141905664605,13.7890625,1.094691174594752
Patient_36,2,aorta,3,0.870247279815818,11.403931261528184,2.2498321049529992
Patient_36,2,esophagus,3,0.807548863848346,6.696367892999623,1.5286811217781386
Patient_36,2,heart,3,0.9325534487833295,7.521597507841177,2.1770125908906586
Patient_36,2,trachea,3,0.8861311884278587,6.067529345099372,1.0282895356794115
Patient_37,2,aorta,3,0.9331180297899467,4.259838777112576,1.0767766206862392
Patient_37,2,esophagus,3,0.8396267693645255,4.020470857016412,1.0660703311526083
Patient_37,2,heart,3,0.9394518121295011,8.016785289094878,2.02434041374329
Patient_37,2,trachea,3,0.8997861749876929,5.307676774375591,0.8874761676910503
Patient_38,1,aorta,3,0.9163181563667457,12.674448278605485,1.4527559407534762
Patient_38,1,esophagus,3,0.7218029130735949,7.566532817576595,1.7333459042670778
Patient_38,1,heart,3,0.9445647259270492,5.161867495111181,1.5738443729851965
Patient_38,1,trachea,3,0.8830283349629666,12.250084451940909,2.9486038641837578
Patient_39,0,aorta,3,0.9200211531218995,11.568231723135243,1.317919647022633
Patient_39,0,esophagus,3,0.8392053151477609,4.094100658276118,1.2290258928900508
Patient_39,0,heart,3,0.9400793621887097,8.201751689785254,2.2928349939851107
Patient_39,0,trachea,3,0.8973186123935857,17.26610023318771,1.676677096250885
Patient_40,1,aorta,3,0.8864466921146996,21.143066176762638,2.30286485122944
Patient_40,1,esophagus,3,0.8497742447383243,4.012266939376285,0.9700865348722798
Patient_40,1,heart,3,0.9426228382636259,5.434998346337511,1.935114441644505
Patient_40,1,trachea,3,0.901865209894992,11.186377110650216,1.3428619902683974
